{
  "best_model_name": "logistic_regression",
  "train_rows": 756,
  "test_rows": 777,
  "target_col": "label_incident_next_30d",
  "split_col": "snapshot_month",
  "selection_metric": "average_precision",
  "cutoff_date": "2025-04-01",
  "sample_count": 777.0,
  "positive_count": 36.0,
  "positive_rate": 0.04633204633204633,
  "accuracy": 0.8828828828828829,
  "balanced_accuracy": 0.5686009896536213,
  "precision": 0.11267605633802817,
  "recall": 0.2222222222222222,
  "f1": 0.14953271028037382,
  "roc_auc": 0.7929599640125955,
  "average_precision": 0.13736782140614545
}